position,effective_radiation_temperature,epsilon_effective,spectral_radiance,flowgofluxradiationheat,flowgofluxconductionheat,characteristic_surface_temperature,effective_temperature_snyder,flowgofluxsnyderheat,flowgofluxforcedconvectionheat,heat_budget,channel_width,crystal_fraction,core_temperature,strain_rate,vesicle_fraction,viscosity,density,mean_velocity,crust_temperature,effective_cover_fraction,dphi_dx,dtemp_dx,dphi_dtemp,dtemp_dt,slope,effusion_rate,channel_depth,tho_0,tho_b
0.0,786.4834241423923,0.95,3.174757338772981,82437.52623842841,18829.079755881303,779.27365029439,0,0,16971.195758858168,118237.80175316789,4.0,0.6,1453.15,4.9436178274412095,0.5,708.8790580311453,1485.0,1.6627034626293917,773.15,0.9875086347667659,3.389970274575626e-05,-0.008172249769066242,0.004148148148148148,0.8152816793099213,0.40007159680524346,6.710671175172219,1.008999999999999,1515.8124655679774,5725.014198632961
